pair_key,symbol,interval_m,config_interval_m,window,bar_start,bar_end,n_bars,ts_first,ts_last,strategy,total_pnl,trades,win_rate,expectancy,profit_factor,max_dd_pct,sharpe,sortino,score_exp_sqrt_n
BTC_USD,BIP-20DEC30-CDE,1,15,early,0,13377,13377,1773283380,1774121340,daviddtech_scalp,-243.991357,176,0.1932,-1.38631453,0.0816334176783551,50878.6384,-55.5708,-25.5129,-18.391541
BTC_USD,BIP-20DEC30-CDE,1,15,early,0,13377,13377,1773283380,1774121340,ema_momentum,-1477.146061,1087,0.1941,-1.35892002,0.09495852039819076,254506.2108,-139.4457,-157.4081,-44.803162
BTC_USD,BIP-20DEC30-CDE,1,15,early,0,13377,13377,1773283380,1774121340,ema_scalp,-768.919685,577,0.1785,-1.33261644,0.08950671793613554,105341.3599,-100.1068,-83.0536,-32.010545
BTC_USD,BIP-20DEC30-CDE,1,15,early,0,13377,13377,1773283380,1774121340,hull_suite,-606.457449,470,0.1872,-1.290335,0.09588165884881215,44047.2723,-87.6525,-65.5607,-27.973796
BTC_USD,BIP-20DEC30-CDE,1,15,early,0,13377,13377,1773283380,1774121340,macd_scalp,-1249.356754,910,0.1802,-1.37291951,0.09280830466236012,115708.3904,-125.4099,-129.9429,-41.415773
BTC_USD,BIP-20DEC30-CDE,1,15,early,0,13377,13377,1773283380,1774121340,qqe_mod,-460.130078,319,0.1787,-1.44241404,0.06358768740173133,164048.648,-81.4128,-48.6611,-25.762338
BTC_USD,BIP-20DEC30-CDE,1,15,early,0,13377,13377,1773283380,1774121340,rsi_reversion,-173.765731,126,0.2063,-1.3790931,0.11734728903680673,11688.5443,-38.3823,-14.7351,-15.480282
BTC_USD,BIP-20DEC30-CDE,1,15,early,0,13377,13377,1773283380,1774121340,squeeze_momentum,-705.231255,538,0.184,-1.31083876,0.08911413052191235,70523.1255,-95.3331,-75.3894,-30.404678
BTC_USD,BIP-20DEC30-CDE,1,15,early,0,13377,13377,1773283380,1774121340,supertrend,-501.836746,395,0.1848,-1.27047278,0.09683577525366262,79684.6213,-79.5431,-54.3796,-25.250147
BTC_USD,BIP-20DEC30-CDE,1,15,early,0,13377,13377,1773283380,1774121340,utbot_alert,-1059.245605,800,0.1913,-1.32405701,0.10553072605182397,1312997.3785,-115.1128,-111.7403,-37.449988
BTC_USD,BIP-20DEC30-CDE,1,15,mid,13377,26754,13377,1774121400,1774985940,daviddtech_scalp,-234.668512,154,0.2013,-1.52382151,0.06540520919218891,180801.8922,-55.1878,-24.3538,-18.910128
BTC_USD,BIP-20DEC30-CDE,1,15,mid,13377,26754,13377,1774121400,1774985940,ema_momentum,-1513.011842,1098,0.1721,-1.37797071,0.07648043371973173,5102210.7426,-147.5643,-167.4211,-45.660552
BTC_USD,BIP-20DEC30-CDE,1,15,mid,13377,26754,13377,1774121400,1774985940,ema_scalp,-785.841507,593,0.1315,-1.32519647,0.06164210965471875,78746.5861,-102.3893,-83.6687,-32.270643
BTC_USD,BIP-20DEC30-CDE,1,15,mid,13377,26754,13377,1774121400,1774985940,hull_suite,-641.39582,486,0.144,-1.31974448,0.0684550102265072,64394.1994,-96.2048,-72.0374,-29.094305
BTC_USD,BIP-20DEC30-CDE,1,15,mid,13377,26754,13377,1774121400,1774985940,macd_scalp,-1203.413996,938,0.1759,-1.28295735,0.08449214175941261,524174.9141,-125.2641,-129.6561,-39.29286
BTC_USD,BIP-20DEC30-CDE,1,15,mid,13377,26754,13377,1774121400,1774985940,qqe_mod,-433.579067,316,0.1614,-1.37208565,0.07410653160360874,155168.4239,-80.5824,-49.015,-24.390728
BTC_USD,BIP-20DEC30-CDE,1,15,mid,13377,26754,13377,1774121400,1774985940,rsi_reversion,-122.967679,106,0.217,-1.16007245,0.1636406694977425,12934.2109,-24.478,-8.4625,-11.943677
BTC_USD,BIP-20DEC30-CDE,1,15,mid,13377,26754,13377,1774121400,1774985940,squeeze_momentum,-704.950133,533,0.1557,-1.32260813,0.06763621433866265,885548.8891,-98.5921,-78.3851,-30.53478
BTC_USD,BIP-20DEC30-CDE,1,15,mid,13377,26754,13377,1774121400,1774985940,supertrend,-562.709745,405,0.1259,-1.38940678,0.05349118817756168,434222.6236,-89.8886,-58.958,-27.961272
BTC_USD,BIP-20DEC30-CDE,1,15,mid,13377,26754,13377,1774121400,1774985940,utbot_alert,-1011.486977,808,0.1609,-1.25184032,0.0786945196240085,101148.6977,-111.7559,-106.0491,-35.583988
BTC_USD,BIP-20DEC30-CDE,1,15,late,26754,40133,13379,1774986000,1775875320,daviddtech_scalp,-181.550216,156,0.2179,-1.16378344,0.11366486375666528,6633.0097,-47.0929,-19.9947,-14.53565
BTC_USD,BIP-20DEC30-CDE,1,15,late,26754,40133,13379,1774986000,1775875320,ema_momentum,-1446.16551,1105,0.1502,-1.30874707,0.06744129733936219,88704.396,-150.0796,-163.0948,-43.504768
BTC_USD,BIP-20DEC30-CDE,1,15,late,26754,40133,13379,1774986000,1775875320,ema_scalp,-829.707468,599,0.1185,-1.38515437,0.04342926697977181,51109.3847,-116.2565,-90.8952,-33.900928
BTC_USD,BIP-20DEC30-CDE,1,15,late,26754,40133,13379,1774986000,1775875320,hull_suite,-664.562782,488,0.1291,-1.36180898,0.04345192124427788,40167.4678,-103.5081,-73.3951,-30.083344
BTC_USD,BIP-20DEC30-CDE,1,15,late,26754,40133,13379,1774986000,1775875320,macd_scalp,-1270.555694,961,0.1488,-1.32211831,0.05260948327462862,65774.3193,-138.6823,-137.2434,-40.985668
BTC_USD,BIP-20DEC30-CDE,1,15,late,26754,40133,13379,1774986000,1775875320,qqe_mod,-417.191485,340,0.1471,-1.22703378,0.08300463693794334,29233.0767,-75.7744,-46.7555,-22.625385
BTC_USD,BIP-20DEC30-CDE,1,15,late,26754,40133,13379,1774986000,1775875320,rsi_reversion,-150.860718,128,0.2188,-1.17859936,0.1313591399573596,5859.5947,-36.3124,-14.1874,-13.33433
BTC_USD,BIP-20DEC30-CDE,1,15,late,26754,40133,13379,1774986000,1775875320,squeeze_momentum,-719.067891,540,0.137,-1.33160721,0.050329502642095146,544518.452,-105.9945,-79.4169,-30.943755
BTC_USD,BIP-20DEC30-CDE,1,15,late,26754,40133,13379,1774986000,1775875320,supertrend,-529.274523,404,0.1436,-1.31008545,0.051147459350031226,178803.7245,-90.3568,-57.4903,-26.332392
BTC_USD,BIP-20DEC30-CDE,1,15,late,26754,40133,13379,1774986000,1775875320,utbot_alert,-1079.938928,834,0.1403,-1.2948908,0.05687733071739035,107993.8928,-127.8537,-119.9842,-37.395227
BTC_USD,BIP-20DEC30-CDE,5,15,early,0,3091,3091,1773070500,1774001100,daviddtech_scalp,-61.009411,40,0.3,-1.52523528,0.35321930131443646,1367.4521,-12.1877,-6.7743,-9.646435
BTC_USD,BIP-20DEC30-CDE,5,15,early,0,3091,3091,1773070500,1774001100,ema_momentum,-349.79088,237,0.3629,-1.47591088,0.3921426208575645,13994.6842,-34.1728,-43.2007,-22.721359
BTC_USD,BIP-20DEC30-CDE,5,15,early,0,3091,3091,1773070500,1774001100,ema_scalp,-123.675665,126,0.4365,-0.9815529,0.5140450390892075,642.8775,-17.6082,-16.0776,-11.017904
BTC_USD,BIP-20DEC30-CDE,5,15,early,0,3091,3091,1773070500,1774001100,hull_suite,-117.37112,105,0.4,-1.11782019,0.46279443692231725,4612.0388,-17.8849,-14.9884,-11.454248
BTC_USD,BIP-20DEC30-CDE,5,15,early,0,3091,3091,1773070500,1774001100,macd_scalp,-321.464335,204,0.3775,-1.57580556,0.3760148036165008,17161.8825,-34.4775,-39.7095,-22.507005
BTC_USD,BIP-20DEC30-CDE,5,15,early,0,3091,3091,1773070500,1774001100,qqe_mod,-82.488131,71,0.3944,-1.16180467,0.4841530827987866,8610.9403,-14.9892,-10.0588,-9.78954
BTC_USD,BIP-20DEC30-CDE,5,15,early,0,3091,3091,1773070500,1774001100,rsi_reversion,-27.341463,43,0.4884,-0.63584798,0.6762433556646159,524.0285,-4.9373,-2.5244,-4.169534
BTC_USD,BIP-20DEC30-CDE,5,15,early,0,3091,3091,1773070500,1774001100,squeeze_momentum,-126.612787,113,0.4513,-1.12046714,0.455330053158052,1173.8247,-19.3772,-16.6707,-11.910729
BTC_USD,BIP-20DEC30-CDE,5,15,early,0,3091,3091,1773070500,1774001100,supertrend,-48.814966,70,0.5429,-0.69735666,0.6294309510843494,871.221,-9.1512,-6.3575,-5.834504
BTC_USD,BIP-20DEC30-CDE,5,15,early,0,3091,3091,1773070500,1774001100,utbot_alert,-185.644182,172,0.4186,-1.07932664,0.4898867533629303,1816.2317,-22.1115,-22.7129,-14.155236
BTC_USD,BIP-20DEC30-CDE,5,15,mid,3091,6182,3091,1774001400,1774937100,daviddtech_scalp,-92.640056,34,0.2059,-2.72470752,0.14345879673441064,77391.4259,-26.2221,-13.0848,-15.887639
BTC_USD,BIP-20DEC30-CDE,5,15,mid,3091,6182,3091,1774001400,1774937100,ema_momentum,-280.823404,234,0.3675,-1.20010002,0.37115081925525956,7865.5674,-32.0337,-40.1881,-18.358
BTC_USD,BIP-20DEC30-CDE,5,15,mid,3091,6182,3091,1774001400,1774937100,ema_scalp,-186.253671,130,0.3462,-1.43272054,0.2846976133011125,18627.9348,-30.2481,-29.2327,-16.335528
BTC_USD,BIP-20DEC30-CDE,5,15,mid,3091,6182,3091,1774001400,1774937100,hull_suite,-158.721508,96,0.2917,-1.65334905,0.2446464316699489,8178.8898,-30.3571,-24.6696,-16.199446
BTC_USD,BIP-20DEC30-CDE,5,15,mid,3091,6182,3091,1774001400,1774937100,macd_scalp,-222.123789,205,0.3561,-1.08353068,0.40546841584288035,8237.6097,-26.9896,-30.3923,-15.513798
BTC_USD,BIP-20DEC30-CDE,5,15,mid,3091,6182,3091,1774001400,1774937100,qqe_mod,-76.36559,72,0.3611,-1.06063319,0.38654383539479076,8049.1893,-16.4067,-11.7216,-8.999771
BTC_USD,BIP-20DEC30-CDE,5,15,mid,3091,6182,3091,1774001400,1774937100,rsi_reversion,-41.318841,31,0.3548,-1.33286583,0.38922127076034374,2337.5567,-8.1881,-3.1899,-7.421083
BTC_USD,BIP-20DEC30-CDE,5,15,mid,3091,6182,3091,1774001400,1774937100,squeeze_momentum,-148.435815,113,0.3274,-1.31359128,0.2913917510585869,15531.5949,-25.7426,-23.8689,-13.963667
BTC_USD,BIP-20DEC30-CDE,5,15,mid,3091,6182,3091,1774001400,1774937100,supertrend,-82.910095,65,0.4,-1.27553992,0.3398532643519962,2671.0169,-16.8214,-12.3297,-10.283732
BTC_USD,BIP-20DEC30-CDE,5,15,mid,3091,6182,3091,1774001400,1774937100,utbot_alert,-222.633389,167,0.2934,-1.33313407,0.3477453922824228,38508.5758,-30.6545,-31.4234,-17.227889
BTC_USD,BIP-20DEC30-CDE,5,15,late,6182,9275,3093,1774937400,1775875200,daviddtech_scalp,-30.301434,36,0.3889,-0.8417065,0.5898154692579417,478.5253,-7.3662,-3.9979,-5.050239
BTC_USD,BIP-20DEC30-CDE,5,15,late,6182,9275,3093,1774937400,1775875200,ema_momentum,-325.157226,241,0.3071,-1.34920011,0.3299011643101622,4702.5241,-37.8458,-47.9299,-20.945218
BTC_USD,BIP-20DEC30-CDE,5,15,late,6182,9275,3093,1774937400,1775875200,ema_scalp,-159.247454,134,0.3358,-1.18841383,0.3359677183010112,4120.5021,-25.7195,-23.6955,-13.756885
BTC_USD,BIP-20DEC30-CDE,5,15,late,6182,9275,3093,1774937400,1775875200,hull_suite,-71.07886,106,0.3396,-0.67055528,0.5259151450878831,1271.0111,-13.302,-12.5576,-6.903789
BTC_USD,BIP-20DEC30-CDE,5,15,late,6182,9275,3093,1774937400,1775875200,macd_scalp,-299.536478,205,0.322,-1.46115355,0.2999593846287467,22211.4958,-36.9615,-40.0681,-20.920535
BTC_USD,BIP-20DEC30-CDE,5,15,late,6182,9275,3093,1774937400,1775875200,qqe_mod,-80.110392,69,0.3478,-1.16102018,0.379028839703433,778.0832,-18.3538,-12.299,-9.644158
BTC_USD,BIP-20DEC30-CDE,5,15,late,6182,9275,3093,1774937400,1775875200,rsi_reversion,-57.82527,33,0.3939,-1.75228091,0.34818348379902675,717.892,-12.3749,-5.4396,-10.066087
BTC_USD,BIP-20DEC30-CDE,5,15,late,6182,9275,3093,1774937400,1775875200,squeeze_momentum,-93.272844,115,0.3913,-0.81106821,0.46660425740419215,2239.7786,-16.1018,-14.7345,-8.697738
BTC_USD,BIP-20DEC30-CDE,5,15,late,6182,9275,3093,1774937400,1775875200,supertrend,-75.371888,82,0.3049,-0.91916937,0.3994502779804636,1312.4893,-16.0265,-12.9019,-8.323433
BTC_USD,BIP-20DEC30-CDE,5,15,late,6182,9275,3093,1774937400,1775875200,utbot_alert,-188.903776,174,0.3851,-1.08565388,0.39598225490064176,1684.8334,-25.8729,-26.8997,-14.320758
BTC_USD,BIP-20DEC30-CDE,15,15,early,0,4482,4482,1764285300,1768343400,daviddtech_scalp,-67.065436,59,0.4576,-1.13670231,0.6905542664581341,380.3773,-3.3272,-1.6656,-8.731176
BTC_USD,BIP-20DEC30-CDE,15,15,early,0,4482,4482,1764285300,1768343400,ema_momentum,-449.362844,346,0.4075,-1.29873654,0.5879882507553525,15528.3396,-10.4468,-12.9846,-24.157896
BTC_USD,BIP-20DEC30-CDE,15,15,early,0,4482,4482,1764285300,1768343400,ema_scalp,-324.229815,187,0.3209,-1.73384928,0.46291954187870354,8939.2597,-10.8561,-10.509,-23.710032
BTC_USD,BIP-20DEC30-CDE,15,15,early,0,4482,4482,1764285300,1768343400,hull_suite,-95.233383,149,0.396,-0.63915022,0.7485061256305314,494.2943,-3.6463,-3.2052,-7.801823
BTC_USD,BIP-20DEC30-CDE,15,15,early,0,4482,4482,1764285300,1768343400,macd_scalp,-495.818854,290,0.3931,-1.70972018,0.49619611688978904,11108.9992,-12.3624,-14.5458,-29.115486
BTC_USD,BIP-20DEC30-CDE,15,15,early,0,4482,4482,1764285300,1768343400,qqe_mod,-180.287985,100,0.34,-1.80287985,0.4335576384205807,11168.2178,-8.5022,-5.6563,-18.028798
BTC_USD,BIP-20DEC30-CDE,15,15,early,0,4482,4482,1764285300,1768343400,rsi_reversion,-85.999509,50,0.38,-1.71999017,0.5685072540450286,867.3844,-4.0222,-1.9541,-12.162167
BTC_USD,BIP-20DEC30-CDE,15,15,early,0,4482,4482,1764285300,1768343400,squeeze_momentum,-189.106772,176,0.3864,-1.0744703,0.6301909477132023,6651.3648,-6.4047,-6.1111,-14.254459
BTC_USD,BIP-20DEC30-CDE,15,15,early,0,4482,4482,1764285300,1768343400,supertrend,-66.084902,96,0.4271,-0.6883844,0.7797965264803176,1022.9926,-2.6909,-1.8301,-6.744762
BTC_USD,BIP-20DEC30-CDE,15,15,early,0,4482,4482,1764285300,1768343400,utbot_alert,-408.912103,233,0.3906,-1.75498756,0.47309339821790775,8784.4038,-11.3678,-11.6944,-26.788723
BTC_USD,BIP-20DEC30-CDE,15,15,mid,4482,8964,4482,1768344300,1772413200,daviddtech_scalp,-107.55569,52,0.3846,-2.06837866,0.5160507694103265,14159.6957,-4.8021,-2.4389,-14.915291
BTC_USD,BIP-20DEC30-CDE,15,15,mid,4482,8964,4482,1768344300,1772413200,ema_momentum,-477.438676,346,0.3902,-1.37988057,0.6386486324892463,22901.5958,-8.7945,-11.349,-25.667262
BTC_USD,BIP-20DEC30-CDE,15,15,mid,4482,8964,4482,1768344300,1772413200,ema_scalp,-364.322754,177,0.3672,-2.05832064,0.4592828152136044,5638.75,-10.0443,-9.4708,-27.384175
BTC_USD,BIP-20DEC30-CDE,15,15,mid,4482,8964,4482,1768344300,1772413200,hull_suite,-271.944083,146,0.411,-1.86263071,0.5426239699468572,2271.0066,-8.3741,-7.1104,-22.506252
BTC_USD,BIP-20DEC30-CDE,15,15,mid,4482,8964,4482,1768344300,1772413200,macd_scalp,-543.381679,293,0.4061,-1.85454498,0.5259584041162343,3832.1556,-11.038,-12.4694,-31.744697
BTC_USD,BIP-20DEC30-CDE,15,15,mid,4482,8964,4482,1768344300,1772413200,qqe_mod,-170.184679,102,0.4216,-1.66847725,0.5787320312753576,6345.1613,-5.6274,-3.6728,-16.850794
BTC_USD,BIP-20DEC30-CDE,15,15,mid,4482,8964,4482,1768344300,1772413200,rsi_reversion,-34.787099,27,0.5556,-1.28841106,0.7113460072680251,226.7457,-2.0498,-0.7865,-6.69478
BTC_USD,BIP-20DEC30-CDE,15,15,mid,4482,8964,4482,1768344300,1772413200,squeeze_momentum,-394.319561,167,0.3713,-2.36119498,0.4225552259952972,2276.7945,-11.4581,-10.462,-30.513364
BTC_USD,BIP-20DEC30-CDE,15,15,mid,4482,8964,4482,1768344300,1772413200,supertrend,-101.719879,83,0.4217,-1.22554071,0.6496425953228129,2253.5253,-4.2389,-2.677,-11.165207
BTC_USD,BIP-20DEC30-CDE,15,15,mid,4482,8964,4482,1768344300,1772413200,utbot_alert,-452.515108,234,0.4188,-1.93382525,0.514884436933789,8494.5861,-10.1885,-10.6993,-29.581838
BTC_USD,BIP-20DEC30-CDE,15,15,late,8964,13447,4483,1772414100,1775874600,daviddtech_scalp,-79.698074,57,0.386,-1.39821183,0.5624535907329767,4869.3517,-4.2234,-2.258,-10.556268
BTC_USD,BIP-20DEC30-CDE,15,15,late,8964,13447,4483,1772414100,1775874600,ema_momentum,-468.860462,345,0.3768,-1.35901583,0.5441270981650992,1412.678,-11.867,-15.2961,-25.242599
BTC_USD,BIP-20DEC30-CDE,15,15,late,8964,13447,4483,1772414100,1775874600,ema_scalp,-271.425759,188,0.3511,-1.44375404,0.5283259071954073,2259.5697,-9.8728,-9.7838,-19.795758
BTC_USD,BIP-20DEC30-CDE,15,15,late,8964,13447,4483,1772414100,1775874600,hull_suite,-166.846001,150,0.4,-1.11230667,0.601901928639006,1379.3762,-6.5199,-5.7299,-13.622919
BTC_USD,BIP-20DEC30-CDE,15,15,late,8964,13447,4483,1772414100,1775874600,macd_scalp,-408.010309,295,0.4102,-1.38308579,0.5366411307611827,16866.5629,-11.2187,-12.9358,-23.755279
BTC_USD,BIP-20DEC30-CDE,15,15,late,8964,13447,4483,1772414100,1775874600,qqe_mod,-102.331102,106,0.4245,-0.96538776,0.6324308395749701,10233.1102,-5.0427,-3.8152,-9.939275
BTC_USD,BIP-20DEC30-CDE,15,15,late,8964,13447,4483,1772414100,1775874600,rsi_reversion,-68.943204,49,0.449,-1.40700416,0.5046957658820468,6914.0947,-3.4875,-1.6807,-9.849029
BTC_USD,BIP-20DEC30-CDE,15,15,late,8964,13447,4483,1772414100,1775874600,squeeze_momentum,-246.866155,168,0.369,-1.4694414,0.5073586707760426,42700.743,-9.2587,-8.2403,-19.046137
BTC_USD,BIP-20DEC30-CDE,15,15,late,8964,13447,4483,1772414100,1775874600,supertrend,-100.305617,93,0.3978,-1.07855502,0.6177862611774093,4779.9208,-4.664,-3.1289,-10.401208
BTC_USD,BIP-20DEC30-CDE,15,15,late,8964,13447,4483,1772414100,1775874600,utbot_alert,-376.978192,229,0.3755,-1.64619298,0.4839222264036823,1756.7048,-11.782,-12.6821,-24.91142
BTC_USD,BIP-20DEC30-CDE,60,15,early,0,258,258,1773072000,1774000800,daviddtech_scalp,13.520365,4,0.75,3.38009118,6.631886102319196,74.7115,3.2723,2.9272,6.760182
BTC_USD,BIP-20DEC30-CDE,60,15,early,0,258,258,1773072000,1774000800,ema_momentum,25.301158,17,0.6471,1.48830341,1.4490878080873764,226.4564,2.7709,4.0362,6.136432
BTC_USD,BIP-20DEC30-CDE,60,15,early,0,258,258,1773072000,1774000800,ema_scalp,22.012793,9,0.6667,2.44586593,1.8062087824276913,111.7579,3.7447,4.9353,7.337598
BTC_USD,BIP-20DEC30-CDE,60,15,early,0,258,258,1773072000,1774000800,hull_suite,24.859106,4,1.0,6.21477655,,38.1557,5.4104,5.3885,12.429553
BTC_USD,BIP-20DEC30-CDE,60,15,early,0,258,258,1773072000,1774000800,macd_scalp,-49.27005,15,0.4667,-3.28466999,0.5424814465847613,1538.7402,-5.3352,-6.2752,-12.721472
BTC_USD,BIP-20DEC30-CDE,60,15,early,0,258,258,1773072000,1774000800,qqe_mod,-11.905315,6,0.5,-1.98421916,0.6263829225590256,178.0501,-2.163,-2.5076,-4.860324
BTC_USD,BIP-20DEC30-CDE,60,15,early,0,258,258,1773072000,1774000800,rsi_reversion,18.643566,4,0.5,4.66089138,2.136962422112393,101.5429,3.7412,1.7449,9.321783
BTC_USD,BIP-20DEC30-CDE,60,15,early,0,258,258,1773072000,1774000800,squeeze_momentum,37.311229,7,0.8571,5.33017555,7.998755726055482,359.3353,6.8935,8.4402,14.102319
BTC_USD,BIP-20DEC30-CDE,60,15,early,0,258,258,1773072000,1774000800,supertrend,27.689737,3,1.0,9.22991217,,113.3249,9.6157,9.0209,15.986677
BTC_USD,BIP-20DEC30-CDE,60,15,early,0,258,258,1773072000,1774000800,utbot_alert,44.180895,10,0.7,4.41808953,2.7184395578858904,65.1106,6.2069,7.1805,13.971226
BTC_USD,BIP-20DEC30-CDE,60,15,mid,258,516,258,1774004400,1774936800,daviddtech_scalp,2.568867,1,1.0,2.56886689,,59.4411,2.4031,1.6219,2.568867
BTC_USD,BIP-20DEC30-CDE,60,15,mid,258,516,258,1774004400,1774936800,ema_momentum,-54.102306,18,0.3333,-3.00568367,0.4747059295461345,1229.7388,-6.7478,-8.2359,-12.752036
BTC_USD,BIP-20DEC30-CDE,60,15,mid,258,516,258,1774004400,1774936800,ema_scalp,31.855292,8,0.625,3.98191144,2.7524154010509947,37.29,5.2936,4.4977,11.262546
BTC_USD,BIP-20DEC30-CDE,60,15,mid,258,516,258,1774004400,1774936800,hull_suite,-3.758305,6,0.5,-0.62638412,0.8541515839708901,122.6981,-1.004,-0.917,-1.534321
BTC_USD,BIP-20DEC30-CDE,60,15,mid,258,516,258,1774004400,1774936800,macd_scalp,36.143825,16,0.625,2.25898909,1.6604010203534605,77.3076,5.2673,7.0946,9.035956
BTC_USD,BIP-20DEC30-CDE,60,15,mid,258,516,258,1774004400,1774936800,qqe_mod,-32.329314,7,0.2857,-4.6184734,0.4100484078021331,381.8455,-6.8779,-5.359,-12.219332
BTC_USD,BIP-20DEC30-CDE,60,15,mid,258,516,258,1774004400,1774936800,rsi_reversion,10.257394,1,1.0,10.25739394,,74.4681,3.6606,1.9748,10.257394
BTC_USD,BIP-20DEC30-CDE,60,15,mid,258,516,258,1774004400,1774936800,squeeze_momentum,-14.684657,8,0.25,-1.83558207,0.6357903751502647,172.5265,-2.7337,-2.5559,-5.19181
BTC_USD,BIP-20DEC30-CDE,60,15,mid,258,516,258,1774004400,1774936800,supertrend,-23.726058,6,0.5,-3.95434295,0.40504306604935436,276.8569,-4.8174,-3.4411,-9.686123
BTC_USD,BIP-20DEC30-CDE,60,15,mid,258,516,258,1774004400,1774936800,utbot_alert,-39.970842,10,0.3,-3.99708419,0.427755855298346,1076.3336,-6.5778,-6.4337,-12.63989
BTC_USD,BIP-20DEC30-CDE,60,15,late,516,774,258,1774940400,1775872800,daviddtech_scalp,1.105374,5,0.4,0.22107484,1.066501011700856,100.2067,0.2682,0.1193,0.494338
BTC_USD,BIP-20DEC30-CDE,60,15,late,516,774,258,1774940400,1775872800,ema_momentum,-32.902766,17,0.4118,-1.93545684,0.5456609934028565,794.6556,-4.2282,-4.8803,-7.980093
BTC_USD,BIP-20DEC30-CDE,60,15,late,516,774,258,1774940400,1775872800,ema_scalp,16.896616,9,0.4444,1.87740173,1.5161743335601636,54.2742,2.9125,3.7806,5.632205
BTC_USD,BIP-20DEC30-CDE,60,15,late,516,774,258,1774940400,1775872800,hull_suite,11.57969,6,0.5,1.92994839,1.7808869849550062,49.0126,2.5773,2.5232,4.727389
BTC_USD,BIP-20DEC30-CDE,60,15,late,516,774,258,1774940400,1775872800,macd_scalp,-20.590052,14,0.4286,-1.470718,0.5794617117315423,184.2645,-2.9374,-3.9141,-5.502923
BTC_USD,BIP-20DEC30-CDE,60,15,late,516,774,258,1774940400,1775872800,qqe_mod,-17.190938,3,0.3333,-5.73031259,0.28141289270126096,1566.5233,-4.0609,-1.8686,-9.925193
BTC_USD,BIP-20DEC30-CDE,60,15,late,516,774,258,1774940400,1775872800,rsi_reversion,9.15503,3,0.6667,3.05167659,1.8698832743378877,299.0259,2.0624,1.668,5.285659
BTC_USD,BIP-20DEC30-CDE,60,15,late,516,774,258,1774940400,1775872800,squeeze_momentum,10.312988,10,0.4,1.0312988,1.3014853602605367,68.9196,2.1087,2.3088,3.261253
BTC_USD,BIP-20DEC30-CDE,60,15,late,516,774,258,1774940400,1775872800,supertrend,16.905632,6,0.5,2.81760537,2.3699389410859526,45.8353,3.5576,4.4518,6.901695
BTC_USD,BIP-20DEC30-CDE,60,15,late,516,774,258,1774940400,1775872800,utbot_alert,-13.949272,12,0.3333,-1.16243937,0.7137139145773037,45549.1709,-2.2464,-2.3514,-4.026808
SOL_USD,SLP-20DEC30-CDE,1,15,early,0,9184,9184,1773283440,1774167540,daviddtech_scalp,-103.795276,95,0.3474,-1.09258185,0.14696607269774142,97409.607,-33.48,-13.4289,-10.649171
SOL_USD,SLP-20DEC30-CDE,1,15,early,0,9184,9184,1773283440,1774167540,ema_momentum,-811.217777,825,0.3236,-0.98329427,0.17175959633534313,11014872.2806,-108.4378,-137.994,-28.242978
SOL_USD,SLP-20DEC30-CDE,1,15,early,0,9184,9184,1773283440,1774167540,ema_scalp,-369.002119,421,0.342,-0.87648959,0.18926388059385849,36333.5468,-65.8302,-57.8839,-17.984063
SOL_USD,SLP-20DEC30-CDE,1,15,early,0,9184,9184,1773283440,1774167540,hull_suite,-338.769838,342,0.3275,-0.99055508,0.15835546971020054,51820.0289,-75.9867,-61.7429,-18.318575
SOL_USD,SLP-20DEC30-CDE,1,15,early,0,9184,9184,1773283440,1774167540,macd_scalp,-659.514605,703,0.34,-0.93814311,0.1852757928948606,144309.7839,-92.8854,-104.3412,-24.874064
SOL_USD,SLP-20DEC30-CDE,1,15,early,0,9184,9184,1773283440,1774167540,qqe_mod,-274.791757,225,0.2622,-1.2212967,0.08776533667458658,28826.6718,-63.663,-39.2361,-18.31945
SOL_USD,SLP-20DEC30-CDE,1,15,early,0,9184,9184,1773283440,1774167540,rsi_reversion,-82.744986,94,0.3936,-0.88026581,0.2271080710150849,9896.7824,-28.7598,-11.7896,-8.534494
SOL_USD,SLP-20DEC30-CDE,1,15,early,0,9184,9184,1773283440,1774167540,squeeze_momentum,-375.266787,388,0.3428,-0.96718244,0.15353087316090086,37663.0038,-73.6048,-56.6964,-19.051285
SOL_USD,SLP-20DEC30-CDE,1,15,early,0,9184,9184,1773283440,1774167540,supertrend,-317.163894,355,0.3718,-0.89341942,0.1789924610871283,27192.4753,-68.6174,-57.3419,-16.833312
SOL_USD,SLP-20DEC30-CDE,1,15,early,0,9184,9184,1773283440,1774167540,utbot_alert,-617.417632,627,0.3461,-0.98471712,0.1580189429694692,575164.1566,-90.4664,-88.9814,-24.657285
SOL_USD,SLP-20DEC30-CDE,1,15,mid,9184,18368,9184,1774167600,1775006820,daviddtech_scalp,-110.092638,102,0.3137,-1.07933959,0.13613833965531072,1703002.3619,-28.9376,-11.8271,-10.900795
SOL_USD,SLP-20DEC30-CDE,1,15,mid,9184,18368,9184,1774167600,1775006820,ema_momentum,-787.499041,800,0.2938,-0.9843738,0.11407544124123309,141697.94,-125.2866,-154.3881,-27.842296
SOL_USD,SLP-20DEC30-CDE,1,15,mid,9184,18368,9184,1774167600,1775006820,ema_scalp,-372.7399,420,0.3095,-0.88747595,0.13434876473279717,30114.524,-81.1442,-72.2627,-18.187845
SOL_USD,SLP-20DEC30-CDE,1,15,mid,9184,18368,9184,1774167600,1775006820,hull_suite,-333.634731,344,0.2791,-0.9698684,0.11686393801051356,35092.7232,-82.2913,-66.1483,-17.988379
SOL_USD,SLP-20DEC30-CDE,1,15,mid,9184,18368,9184,1774167600,1775006820,macd_scalp,-556.635757,666,0.3378,-0.83578942,0.16153981322956648,44405.0818,-96.0892,-109.7399,-21.569197
SOL_USD,SLP-20DEC30-CDE,1,15,mid,9184,18368,9184,1774167600,1775006820,qqe_mod,-194.761842,228,0.3333,-0.8542186,0.13822058726424494,15024.6152,-61.6629,-39.1629,-12.898418
SOL_USD,SLP-20DEC30-CDE,1,15,mid,9184,18368,9184,1774167600,1775006820,rsi_reversion,-51.018087,79,0.4304,-0.64579857,0.33608370737614823,501.95,-13.1479,-4.6025,-5.739983
SOL_USD,SLP-20DEC30-CDE,1,15,mid,9184,18368,9184,1774167600,1775006820,squeeze_momentum,-370.816817,390,0.2821,-0.95081235,0.11542467503145742,28526.8062,-86.9572,-74.0578,-18.777039
SOL_USD,SLP-20DEC30-CDE,1,15,mid,9184,18368,9184,1774167600,1775006820,supertrend,-311.018712,339,0.3068,-0.91745933,0.1461903432179179,61343.109,-73.968,-59.6628,-16.892218
SOL_USD,SLP-20DEC30-CDE,1,15,mid,9184,18368,9184,1774167600,1775006820,utbot_alert,-567.747616,616,0.2971,-0.92166821,0.14066563992481973,124509.2024,-100.1243,-105.7998,-22.875203
SOL_USD,SLP-20DEC30-CDE,1,15,late,18368,27553,9185,1775006940,1775875380,daviddtech_scalp,-116.295493,108,0.2222,-1.07681012,0.12117081328121754,14574.2857,-31.404,-12.6965,-11.190539
SOL_USD,SLP-20DEC30-CDE,1,15,late,18368,27553,9185,1775006940,1775875380,ema_momentum,-728.275395,820,0.2622,-0.88814073,0.15641201410681385,459174.2532,-110.5659,-130.2004,-25.43248
SOL_USD,SLP-20DEC30-CDE,1,15,late,18368,27553,9185,1775006940,1775875380,ema_scalp,-397.631852,419,0.2458,-0.94900203,0.0915834323263053,153860.3109,-76.3416,-61.6644,-19.425587
SOL_USD,SLP-20DEC30-CDE,1,15,late,18368,27553,9185,1775006940,1775875380,hull_suite,-347.125491,359,0.2312,-0.96692337,0.10563432950226247,166618.992,-76.2439,-55.0898,-18.320583
SOL_USD,SLP-20DEC30-CDE,1,15,late,18368,27553,9185,1775006940,1775875380,macd_scalp,-630.706677,688,0.2631,-0.91672482,0.12681685261826423,302452.1944,-105.1219,-112.4987,-24.045467
SOL_USD,SLP-20DEC30-CDE,1,15,late,18368,27553,9185,1775006940,1775875380,qqe_mod,-187.691635,237,0.2869,-0.79194783,0.17596728208990076,29870.4648,-60.2196,-39.0499,-12.191882
SOL_USD,SLP-20DEC30-CDE,1,15,late,18368,27553,9185,1775006940,1775875380,rsi_reversion,-94.153542,97,0.268,-0.97065507,0.18467218682529726,10385.1804,-30.4842,-12.8307,-9.559844
SOL_USD,SLP-20DEC30-CDE,1,15,late,18368,27553,9185,1775006940,1775875380,squeeze_momentum,-377.89654,382,0.2199,-0.98925796,0.09231046177754387,57474.8438,-92.3439,-74.3764,-19.334869
SOL_USD,SLP-20DEC30-CDE,1,15,late,18368,27553,9185,1775006940,1775875380,supertrend,-305.945887,336,0.2411,-0.91055323,0.12707655369897963,30594.5887,-67.6715,-47.7413,-16.690716
SOL_USD,SLP-20DEC30-CDE,1,15,late,18368,27553,9185,1775006940,1775875380,utbot_alert,-519.727557,626,0.2764,-0.83023571,0.14209017479804112,145024.3091,-88.2461,-90.0685,-20.772491
SOL_USD,SLP-20DEC30-CDE,5,15,early,0,2865,2865,1773070500,1773986700,daviddtech_scalp,-37.564905,31,0.3226,-1.21177114,0.32365072848552395,14951.8519,-10.1571,-5.3678,-6.746856
SOL_USD,SLP-20DEC30-CDE,5,15,early,0,2865,2865,1773070500,1773986700,ema_momentum,-256.276093,233,0.3777,-1.0998974,0.4178129909985225,6937.4698,-31.1993,-42.7651,-16.789205
SOL_USD,SLP-20DEC30-CDE,5,15,early,0,2865,2865,1773070500,1773986700,ema_scalp,-94.745584,128,0.4609,-0.74019987,0.5449895409572999,1060.9732,-16.5164,-15.8454,-8.374406
SOL_USD,SLP-20DEC30-CDE,5,15,early,0,2865,2865,1773070500,1773986700,hull_suite,-97.928426,96,0.3542,-1.02008777,0.4002239733816061,9792.8426,-19.0923,-15.9807,-9.994778
SOL_USD,SLP-20DEC30-CDE,5,15,early,0,2865,2865,1773070500,1773986700,macd_scalp,-194.268175,194,0.3969,-1.00138235,0.4268043280169836,4033.2133,-25.7399,-31.5785,-13.947642
SOL_USD,SLP-20DEC30-CDE,5,15,early,0,2865,2865,1773070500,1773986700,qqe_mod,-61.974869,65,0.4154,-0.95345952,0.43927264645709035,2276.1119,-14.5321,-10.58,-7.687036
SOL_USD,SLP-20DEC30-CDE,5,15,early,0,2865,2865,1773070500,1773986700,rsi_reversion,-31.237539,27,0.4815,-1.15694589,0.4868727841700701,536.7813,-7.5647,-2.8399,-6.011667
SOL_USD,SLP-20DEC30-CDE,5,15,early,0,2865,2865,1773070500,1773986700,squeeze_momentum,-91.02701,108,0.3796,-0.84284268,0.5105285610734265,1843.3679,-16.7026,-14.7977,-8.759078
SOL_USD,SLP-20DEC30-CDE,5,15,early,0,2865,2865,1773070500,1773986700,supertrend,-88.245063,75,0.36,-1.17660084,0.32909768347079893,42581.6766,-19.086,-14.7492,-10.189662
SOL_USD,SLP-20DEC30-CDE,5,15,early,0,2865,2865,1773070500,1773986700,utbot_alert,-176.585708,167,0.3892,-1.05739945,0.4206348501144003,1930.4387,-25.6499,-28.3834,-13.664612
SOL_USD,SLP-20DEC30-CDE,5,15,mid,2865,5730,2865,1773987300,1774944000,daviddtech_scalp,-35.727049,28,0.2857,-1.27596602,0.3356249606258648,9346.5883,-7.8926,-3.3016,-6.751778
SOL_USD,SLP-20DEC30-CDE,5,15,mid,2865,5730,2865,1773987300,1774944000,ema_momentum,-265.690284,235,0.3489,-1.13059696,0.3320302201760119,26569.0284,-37.2059,-47.0195,-17.331723
SOL_USD,SLP-20DEC30-CDE,5,15,mid,2865,5730,2865,1773987300,1774944000,ema_scalp,-87.692639,119,0.4202,-0.73691293,0.4755829800065641,3891.3529,-17.4352,-17.5629,-8.038771
SOL_USD,SLP-20DEC30-CDE,5,15,mid,2865,5730,2865,1773987300,1774944000,hull_suite,-100.011678,103,0.3786,-0.97098717,0.36680470276499066,25843.6238,-21.2185,-19.1786,-9.854443
SOL_USD,SLP-20DEC30-CDE,5,15,mid,2865,5730,2865,1773987300,1774944000,macd_scalp,-156.371873,195,0.4103,-0.80190704,0.45343710916220503,1507.8869,-24.5533,-29.8215,-11.198022
SOL_USD,SLP-20DEC30-CDE,5,15,mid,2865,5730,2865,1773987300,1774944000,qqe_mod,-83.374711,76,0.3421,-1.09703567,0.3162083166433293,24206.2658,-21.3944,-16.7973,-9.563735
SOL_USD,SLP-20DEC30-CDE,5,15,mid,2865,5730,2865,1773987300,1774944000,rsi_reversion,-31.544873,26,0.4615,-1.21326434,0.32843304787665245,264.5504,-6.4589,-2.5112,-6.186459
SOL_USD,SLP-20DEC30-CDE,5,15,mid,2865,5730,2865,1773987300,1774944000,squeeze_momentum,-124.763326,116,0.3707,-1.07554591,0.36039920309172996,4576.1677,-25.6726,-23.6025,-11.583984
SOL_USD,SLP-20DEC30-CDE,5,15,mid,2865,5730,2865,1773987300,1774944000,supertrend,-75.029226,82,0.4512,-0.91499057,0.432241631152455,2820.5018,-18.239,-14.629,-8.285592
SOL_USD,SLP-20DEC30-CDE,5,15,mid,2865,5730,2865,1773987300,1774944000,utbot_alert,-161.673029,177,0.3898,-0.91340695,0.38753337632338747,2647.1865,-26.5186,-30.0824,-12.152089
SOL_USD,SLP-20DEC30-CDE,5,15,late,5730,8597,2867,1774944300,1775875200,daviddtech_scalp,10.769777,30,0.5333,0.35899257,1.3486156179666668,62.3617,3.252,1.5214,1.966283
SOL_USD,SLP-20DEC30-CDE,5,15,late,5730,8597,2867,1774944300,1775875200,ema_momentum,-229.793186,236,0.3602,-0.97369994,0.3833214818613223,5886.4041,-31.8974,-40.4228,-14.958262
SOL_USD,SLP-20DEC30-CDE,5,15,late,5730,8597,2867,1774944300,1775875200,ema_scalp,-135.605966,133,0.3759,-1.01959373,0.3274016949920538,5525.2403,-26.0936,-22.5859,-11.758529
SOL_USD,SLP-20DEC30-CDE,5,15,late,5730,8597,2867,1774944300,1775875200,hull_suite,-64.931518,101,0.396,-0.64288631,0.46806907776622725,6665.8762,-15.5862,-12.4747,-6.460927
SOL_USD,SLP-20DEC30-CDE,5,15,late,5730,8597,2867,1774944300,1775875200,macd_scalp,-267.311085,196,0.3316,-1.36383207,0.25198809884414836,168997.8674,-38.5892,-41.3342,-19.093649
SOL_USD,SLP-20DEC30-CDE,5,15,late,5730,8597,2867,1774944300,1775875200,qqe_mod,-50.066848,70,0.3571,-0.71524069,0.49011385327089707,679.0847,-14.3048,-11.1936,-5.984133
SOL_USD,SLP-20DEC30-CDE,5,15,late,5730,8597,2867,1774944300,1775875200,rsi_reversion,-50.332559,30,0.3667,-1.67775197,0.30972621603470996,2007.4106,-13.4514,-5.8137,-9.189426
SOL_USD,SLP-20DEC30-CDE,5,15,late,5730,8597,2867,1774944300,1775875200,squeeze_momentum,-97.948756,111,0.3153,-0.88242123,0.3764026796853863,10474.3069,-22.1417,-19.871,-9.296885
SOL_USD,SLP-20DEC30-CDE,5,15,late,5730,8597,2867,1774944300,1775875200,supertrend,-91.013836,80,0.2875,-1.13767294,0.2788589896528693,1027.8424,-23.8015,-17.4123,-10.175656
SOL_USD,SLP-20DEC30-CDE,5,15,late,5730,8597,2867,1774944300,1775875200,utbot_alert,-184.006075,172,0.343,-1.06980276,0.3220125173364808,4757.4239,-30.5167,-30.4117,-14.030332
SOL_USD,SLP-20DEC30-CDE,15,15,early,0,4442,4442,1764285300,1768338000,daviddtech_scalp,-54.1367,55,0.4909,-0.98430364,0.7680950669467975,221.9843,-2.308,-1.2119,-7.299791
SOL_USD,SLP-20DEC30-CDE,15,15,early,0,4442,4442,1764285300,1768338000,ema_momentum,-353.207142,351,0.4217,-1.00628815,0.7078287640106629,556.5537,-6.8806,-9.2705,-18.852803
SOL_USD,SLP-20DEC30-CDE,15,15,early,0,4442,4442,1764285300,1768338000,ema_scalp,-160.564886,189,0.4286,-0.84954966,0.7407273678308249,2883.7796,-4.8297,-4.8418,-11.679377
SOL_USD,SLP-20DEC30-CDE,15,15,early,0,4442,4442,1764285300,1768338000,hull_suite,-13.318165,154,0.4416,-0.08648159,0.970629937113781,151.2737,-0.4309,-0.4074,-1.073208
SOL_USD,SLP-20DEC30-CDE,15,15,early,0,4442,4442,1764285300,1768338000,macd_scalp,-375.10934,303,0.4224,-1.23798462,0.6539249633172913,2462.3977,-8.1379,-9.4304,-21.549469
SOL_USD,SLP-20DEC30-CDE,15,15,early,0,4442,4442,1764285300,1768338000,qqe_mod,-98.164768,105,0.4,-0.93490255,0.7035302473767802,386.9663,-3.9595,-2.9502,-9.5799
SOL_USD,SLP-20DEC30-CDE,15,15,early,0,4442,4442,1764285300,1768338000,rsi_reversion,-8.483485,47,0.4894,-0.18049969,0.9499806917716752,148.7772,-0.3256,-0.1591,-1.237444
SOL_USD,SLP-20DEC30-CDE,15,15,early,0,4442,4442,1764285300,1768338000,squeeze_momentum,-92.445869,173,0.4509,-0.53436919,0.8324454021049968,875.1907,-2.8607,-2.7415,-7.028529
SOL_USD,SLP-20DEC30-CDE,15,15,early,0,4442,4442,1764285300,1768338000,supertrend,134.314643,105,0.5524,1.27918708,1.4763470177468525,289.1822,4.9356,4.1387,13.107767
SOL_USD,SLP-20DEC30-CDE,15,15,early,0,4442,4442,1764285300,1768338000,utbot_alert,-319.156527,238,0.395,-1.34099381,0.6267326533068522,13232.6353,-7.8817,-8.2161,-20.687845
SOL_USD,SLP-20DEC30-CDE,15,15,mid,4442,8884,4442,1768338900,1772407800,daviddtech_scalp,-69.58604,47,0.4681,-1.48055404,0.63599907971879,11359.7818,-3.884,-1.7577,-10.150167
SOL_USD,SLP-20DEC30-CDE,15,15,mid,4442,8884,4442,1768338900,1772407800,ema_momentum,-174.420918,352,0.4773,-0.49551397,0.8436776859239902,7414.1678,-3.3868,-4.6277,-9.296666
SOL_USD,SLP-20DEC30-CDE,15,15,mid,4442,8884,4442,1768338900,1772407800,ema_scalp,-387.011245,180,0.4222,-2.15006247,0.46641254050123515,5572.7537,-10.9132,-9.8483,-28.846115
SOL_USD,SLP-20DEC30-CDE,15,15,mid,4442,8884,4442,1768338900,1772407800,hull_suite,-182.510479,141,0.4681,-1.29440056,0.6305098097925707,1443.0634,-6.1977,-5.2052,-15.370155
SOL_USD,SLP-20DEC30-CDE,15,15,mid,4442,8884,4442,1768338900,1772407800,macd_scalp,-428.595471,296,0.4662,-1.44795767,0.5853687280681775,1238.3315,-9.2653,-10.569,-24.911606
SOL_USD,SLP-20DEC30-CDE,15,15,mid,4442,8884,4442,1768338900,1772407800,qqe_mod,-182.473456,114,0.4386,-1.60064435,0.5601241439975212,20708.6799,-5.9725,-4.1981,-17.090205
SOL_USD,SLP-20DEC30-CDE,15,15,mid,4442,8884,4442,1768338900,1772407800,rsi_reversion,-51.485558,34,0.4118,-1.51428111,0.5453637890691103,426.2134,-3.1117,-1.3472,-8.8297
SOL_USD,SLP-20DEC30-CDE,15,15,mid,4442,8884,4442,1768338900,1772407800,squeeze_momentum,-240.420032,154,0.4286,-1.56116904,0.5593372561659181,4502.3177,-7.4412,-6.5811,-19.373598
SOL_USD,SLP-20DEC30-CDE,15,15,mid,4442,8884,4442,1768338900,1772407800,supertrend,-41.538415,86,0.5233,-0.48300483,0.8344036509399527,539.0001,-1.706,-1.1059,-4.479203
SOL_USD,SLP-20DEC30-CDE,15,15,mid,4442,8884,4442,1768338900,1772407800,utbot_alert,-361.48493,240,0.4583,-1.50618721,0.5713347770116101,743.5224,-8.7212,-9.2143,-23.333752
SOL_USD,SLP-20DEC30-CDE,15,15,late,8884,13328,4444,1772408700,1775874600,daviddtech_scalp,-91.245617,57,0.3684,-1.6008003,0.45127161581028313,3675.3018,-6.3384,-3.2518,-12.085777
SOL_USD,SLP-20DEC30-CDE,15,15,late,8884,13328,4444,1772408700,1775874600,ema_momentum,-375.208465,357,0.4118,-1.0510041,0.5640436602632568,2226.0326,-11.7826,-15.1548,-19.858138
SOL_USD,SLP-20DEC30-CDE,15,15,late,8884,13328,4444,1772408700,1775874600,ema_scalp,-110.64628,190,0.4474,-0.58234884,0.7281036709861786,6071.5929,-4.986,-5.098,-8.027125
SOL_USD,SLP-20DEC30-CDE,15,15,late,8884,13328,4444,1772408700,1775874600,hull_suite,-106.578802,150,0.4333,-0.71052535,0.6768962511370384,1109.5929,-4.9147,-4.0585,-8.702123
SOL_USD,SLP-20DEC30-CDE,15,15,late,8884,13328,4444,1772408700,1775874600,macd_scalp,-387.196029,300,0.3733,-1.29065343,0.4751256525580805,6566.1952,-13.1006,-15.6257,-22.354773
SOL_USD,SLP-20DEC30-CDE,15,15,late,8884,13328,4444,1772408700,1775874600,qqe_mod,-127.725573,105,0.4095,-1.21643402,0.5132549459747827,4604.2583,-7.4045,-5.2879,-12.46474
SOL_USD,SLP-20DEC30-CDE,15,15,late,8884,13328,4444,1772408700,1775874600,rsi_reversion,1.474887,38,0.4737,0.03881281,1.0175838452913044,113.1951,0.0926,0.0454,0.239258
SOL_USD,SLP-20DEC30-CDE,15,15,late,8884,13328,4444,1772408700,1775874600,squeeze_momentum,-206.969786,175,0.3943,-1.18268449,0.5427587712077165,4913.6772,-8.7928,-7.7023,-15.645445
SOL_USD,SLP-20DEC30-CDE,15,15,late,8884,13328,4444,1772408700,1775874600,supertrend,-43.367833,115,0.4435,-0.37711159,0.8241254746730952,376.0869,-2.1776,-1.6367,-4.044071
SOL_USD,SLP-20DEC30-CDE,15,15,late,8884,13328,4444,1772408700,1775874600,utbot_alert,-194.532856,245,0.4163,-0.79401166,0.6359052667044969,668.8918,-7.5272,-8.3674,-12.428248
SOL_USD,SLP-20DEC30-CDE,60,15,early,0,258,258,1773072000,1774000800,daviddtech_scalp,2.748315,1,1.0,2.74831486,,92.3153,1.4184,0.8688,2.748315
SOL_USD,SLP-20DEC30-CDE,60,15,early,0,258,258,1773072000,1774000800,ema_momentum,8.802501,16,0.4375,0.5501563,1.1549200787453602,258.0174,1.158,1.898,2.200625
SOL_USD,SLP-20DEC30-CDE,60,15,early,0,258,258,1773072000,1774000800,ema_scalp,27.187567,9,0.6667,3.0208408,2.694478448404948,195.5509,4.9293,5.4168,9.062522
SOL_USD,SLP-20DEC30-CDE,60,15,early,0,258,258,1773072000,1774000800,hull_suite,-17.734658,5,0.4,-3.54693165,0.27758669300496697,10374.4626,-5.2911,-2.8933,-7.93118
SOL_USD,SLP-20DEC30-CDE,60,15,early,0,258,258,1773072000,1774000800,macd_scalp,-7.928323,14,0.5,-0.56630879,0.8751159889255781,431.3907,-1.1204,-1.6334,-2.118933
SOL_USD,SLP-20DEC30-CDE,60,15,early,0,258,258,1773072000,1774000800,qqe_mod,9.347181,6,0.5,1.55786355,1.3710784702494663,67.1786,2.1211,2.2357,3.815971
SOL_USD,SLP-20DEC30-CDE,60,15,early,0,258,258,1773072000,1774000800,rsi_reversion,-41.065268,4,0.25,-10.26631712,0.15411633441657915,1591.3362,-8.7283,-4.6612,-20.532634
SOL_USD,SLP-20DEC30-CDE,60,15,early,0,258,258,1773072000,1774000800,squeeze_momentum,3.433315,9,0.4444,0.38147941,1.10701958655984,93.4715,0.6664,0.7141,1.144438
SOL_USD,SLP-20DEC30-CDE,60,15,early,0,258,258,1773072000,1774000800,supertrend,-15.164979,5,0.4,-3.0329959,0.4492492612095064,1997.6107,-4.5094,-3.5066,-6.781985
SOL_USD,SLP-20DEC30-CDE,60,15,early,0,258,258,1773072000,1774000800,utbot_alert,-10.585801,12,0.5,-0.88215007,0.8171145934920326,375.8716,-1.6629,-1.9311,-3.055857
SOL_USD,SLP-20DEC30-CDE,60,15,mid,258,516,258,1774004400,1774936800,daviddtech_scalp,-7.910647,2,0.0,-3.95532329,0.0,321.1152,-3.9173,-2.572,-5.593672
SOL_USD,SLP-20DEC30-CDE,60,15,mid,258,516,258,1774004400,1774936800,ema_momentum,-15.917667,19,0.4211,-0.83777194,0.819538349983532,918.1939,-2.1873,-2.6582,-3.651763
SOL_USD,SLP-20DEC30-CDE,60,15,mid,258,516,258,1774004400,1774936800,ema_scalp,-14.011151,9,0.4444,-1.55679458,0.6865248226324014,158.8924,-2.746,-2.6364,-4.670384
SOL_USD,SLP-20DEC30-CDE,60,15,mid,258,516,258,1774004400,1774936800,hull_suite,-22.719813,6,0.3333,-3.78663543,0.3436536872090276,552.4575,-6.1563,-4.4727,-9.275325
SOL_USD,SLP-20DEC30-CDE,60,15,mid,258,516,258,1774004400,1774936800,macd_scalp,28.095577,16,0.5625,1.75597357,1.7074179310656306,165.3632,4.6408,5.9479,7.023894
SOL_USD,SLP-20DEC30-CDE,60,15,mid,258,516,258,1774004400,1774936800,qqe_mod,-7.390424,5,0.6,-1.47808485,0.5945537656070221,180.1548,-2.8743,-1.4741,-3.305098
SOL_USD,SLP-20DEC30-CDE,60,15,mid,258,516,258,1774004400,1774936800,rsi_reversion,6.313542,1,1.0,6.31354227,,111.4405,3.1679,1.5972,6.313542
SOL_USD,SLP-20DEC30-CDE,60,15,mid,258,516,258,1774004400,1774936800,squeeze_momentum,9.183,7,0.5714,1.3118572,1.5058349280129264,70.4309,1.8004,1.5734,3.470848
SOL_USD,SLP-20DEC30-CDE,60,15,mid,258,516,258,1774004400,1774936800,supertrend,11.082673,5,0.6,2.21653466,1.6644918671878366,111.4441,3.3522,2.4883,4.956322
SOL_USD,SLP-20DEC30-CDE,60,15,mid,258,516,258,1774004400,1774936800,utbot_alert,4.117911,13,0.4615,0.31676239,1.0747163709541558,123.7977,0.7021,0.7098,1.142103
SOL_USD,SLP-20DEC30-CDE,60,15,late,516,774,258,1774940400,1775872800,daviddtech_scalp,-6.834795,4,0.25,-1.70869875,0.6151338219125465,172.6911,-2.7863,-1.4154,-3.417398
SOL_USD,SLP-20DEC30-CDE,60,15,late,516,774,258,1774940400,1775872800,ema_momentum,-56.420536,19,0.2632,-2.96950191,0.392699411416998,608.6394,-9.3835,-11.4245,-12.943759
SOL_USD,SLP-20DEC30-CDE,60,15,late,516,774,258,1774940400,1775872800,ema_scalp,33.579631,11,0.7273,3.05269375,2.2914610200982994,722.515,7.3772,7.6371,10.12464
SOL_USD,SLP-20DEC30-CDE,60,15,late,516,774,258,1774940400,1775872800,hull_suite,8.038329,7,0.7143,1.14833272,1.4014603109549069,64.0065,2.5063,1.4475,3.038203
SOL_USD,SLP-20DEC30-CDE,60,15,late,516,774,258,1774940400,1775872800,macd_scalp,21.293133,17,0.5882,1.25253723,1.5486849636166775,57.2554,4.0088,4.8057,5.164343
SOL_USD,SLP-20DEC30-CDE,60,15,late,516,774,258,1774940400,1775872800,qqe_mod,-5.632673,3,0.6667,-1.87755755,0.6137346360421861,1557.2461,-2.5224,-0.9332,-3.252025
SOL_USD,SLP-20DEC30-CDE,60,15,late,516,774,258,1774940400,1775872800,rsi_reversion,2.084257,2,0.5,1.04212837,7.48118109564994,119.7945,0.646,0.2843,1.473792
SOL_USD,SLP-20DEC30-CDE,60,15,late,516,774,258,1774940400,1775872800,squeeze_momentum,14.256232,10,0.7,1.42562323,1.4633533410614354,1930.9207,3.5118,3.1859,4.508217
SOL_USD,SLP-20DEC30-CDE,60,15,late,516,774,258,1774940400,1775872800,supertrend,39.783865,7,0.7143,5.68340925,6.918861386560832,53.1861,10.2486,12.4652,15.036887
SOL_USD,SLP-20DEC30-CDE,60,15,late,516,774,258,1774940400,1775872800,utbot_alert,25.101845,14,0.7143,1.79298896,1.732736506553596,440.5419,5.1685,6.4685,6.70875
XRP_USD,XPP-20DEC30-CDE,1,15,early,0,8161,8161,1773283680,1774033560,daviddtech_scalp,-112.131034,90,0.4,-1.24590037,0.2506550823782392,11213.1034,-34.8411,-14.1406,-11.819649
XRP_USD,XPP-20DEC30-CDE,1,15,early,0,8161,8161,1773283680,1774033560,ema_momentum,-1141.501178,828,0.3249,-1.37862461,0.16787141251656834,116426.5883,-121.4838,-149.6069,-39.669908
XRP_USD,XPP-20DEC30-CDE,1,15,early,0,8161,8161,1773283680,1774033560,ema_scalp,-456.937285,403,0.3449,-1.13383942,0.19698267799911612,45047.7508,-70.303,-61.934,-22.761667
XRP_USD,XPP-20DEC30-CDE,1,15,early,0,8161,8161,1773283680,1774033560,hull_suite,-450.233793,313,0.278,-1.43844662,0.14231874296009284,45049.3931,-80.6122,-60.6186,-25.448719
XRP_USD,XPP-20DEC30-CDE,1,15,early,0,8161,8161,1773283680,1774033560,macd_scalp,-1015.048182,701,0.2896,-1.44800026,0.14550743996787555,361384.2837,-118.5675,-132.6097,-38.337841
XRP_USD,XPP-20DEC30-CDE,1,15,early,0,8161,8161,1773283680,1774033560,qqe_mod,-316.786679,197,0.2843,-1.60805421,0.11266188341376042,241369.3673,-68.1585,-39.7444,-22.570116
XRP_USD,XPP-20DEC30-CDE,1,15,early,0,8161,8161,1773283680,1774033560,rsi_reversion,-114.367963,89,0.3483,-1.2850333,0.25666608011833686,5002.9751,-31.1831,-11.8965,-12.12298
XRP_USD,XPP-20DEC30-CDE,1,15,early,0,8161,8161,1773283680,1774033560,squeeze_momentum,-461.158128,372,0.3226,-1.23967239,0.17173385943464345,139223.0493,-74.3603,-62.6412,-23.909935
XRP_USD,XPP-20DEC30-CDE,1,15,early,0,8161,8161,1773283680,1774033560,supertrend,-397.137302,333,0.3483,-1.19260451,0.189136135866435,26387.96,-66.4371,-53.1438,-21.76299
XRP_USD,XPP-20DEC30-CDE,1,15,early,0,8161,8161,1773283680,1774033560,utbot_alert,-834.16344,615,0.2911,-1.35636332,0.16241606652186197,143594.7086,-103.6336,-106.2594,-33.636716
XRP_USD,XPP-20DEC30-CDE,1,15,mid,8161,16322,8161,1774033620,1774984440,daviddtech_scalp,-140.876016,91,0.2198,-1.54808808,0.08149064859144661,11703.8302,-49.1187,-20.0693,-14.767819
XRP_USD,XPP-20DEC30-CDE,1,15,mid,8161,16322,8161,1774033620,1774984440,ema_momentum,-1114.384072,840,0.2548,-1.3266477,0.11330004488094314,111438.4072,-133.8964,-161.1793,-38.449903
XRP_USD,XPP-20DEC30-CDE,1,15,mid,8161,16322,8161,1774033620,1774984440,ema_scalp,-500.040724,397,0.2594,-1.25954842,0.1065242969519704,51609.2151,-87.4631,-75.1564,-25.096325
XRP_USD,XPP-20DEC30-CDE,1,15,mid,8161,16322,8161,1774033620,1774984440,hull_suite,-410.448202,325,0.2615,-1.26291754,0.11501571137258895,56455.089,-68.2127,-49.3693,-22.76757
XRP_USD,XPP-20DEC30-CDE,1,15,mid,8161,16322,8161,1774033620,1774984440,macd_scalp,-893.805069,684,0.2544,-1.30673256,0.10807844258840225,42226.7747,-117.6691,-128.9014,-34.175491
XRP_USD,XPP-20DEC30-CDE,1,15,mid,8161,16322,8161,1774033620,1774984440,qqe_mod,-283.117251,218,0.2982,-1.29870299,0.11452589087213247,16020.1763,-65.2517,-42.5325,-19.17512
XRP_USD,XPP-20DEC30-CDE,1,15,mid,8161,16322,8161,1774033620,1774984440,rsi_reversion,-62.520382,67,0.3433,-0.93314002,0.29205145410102784,672.5355,-11.8126,-3.4372,-7.63808
XRP_USD,XPP-20DEC30-CDE,1,15,mid,8161,16322,8161,1774033620,1774984440,squeeze_momentum,-468.345398,366,0.2568,-1.27963223,0.10989548769914406,60276.5931,-86.0431,-70.6432,-24.480806
XRP_USD,XPP-20DEC30-CDE,1,15,mid,8161,16322,8161,1774033620,1774984440,supertrend,-414.818813,329,0.2705,-1.26084745,0.11454409056625993,148940.6217,-79.2334,-60.0456,-22.869701
XRP_USD,XPP-20DEC30-CDE,1,15,mid,8161,16322,8161,1774033620,1774984440,utbot_alert,-791.261581,629,0.2639,-1.25796754,0.12179930921654739,38626.9174,-106.6985,-108.608,-31.549665
XRP_USD,XPP-20DEC30-CDE,1,15,late,16322,24484,8162,1774984620,1775875440,daviddtech_scalp,-124.701541,78,0.1923,-1.5987377,0.06017821465489753,16021.7508,-52.2965,-18.2793,-14.119669
XRP_USD,XPP-20DEC30-CDE,1,15,late,16322,24484,8162,1774984620,1775875440,ema_momentum,-1095.715741,858,0.2378,-1.27705797,0.07879912945173326,117548.8698,-147.9892,-171.6924,-37.407119
XRP_USD,XPP-20DEC30-CDE,1,15,late,16322,24484,8162,1774984620,1775875440,ema_scalp,-562.429146,411,0.1971,-1.36844074,0.051750011258039574,82466.0609,-101.2241,-83.0484,-27.742584
XRP_USD,XPP-20DEC30-CDE,1,15,late,16322,24484,8162,1774984620,1775875440,hull_suite,-464.490031,328,0.1829,-1.41612814,0.046351324196202436,12217.9479,-90.9837,-63.6075,-25.647171
XRP_USD,XPP-20DEC30-CDE,1,15,late,16322,24484,8162,1774984620,1775875440,macd_scalp,-821.748245,711,0.27,-1.15576406,0.10582094816444068,115687.2543,-122.2918,-130.9545,-30.817967
XRP_USD,XPP-20DEC30-CDE,1,15,late,16322,24484,8162,1774984620,1775875440,qqe_mod,-274.83686,218,0.211,-1.26071954,0.08745865719875426,839168.4178,-73.843,-43.8739,-18.614301
XRP_USD,XPP-20DEC30-CDE,1,15,late,16322,24484,8162,1774984620,1775875440,rsi_reversion,-101.305993,76,0.2763,-1.33297359,0.1328375293920706,8385.1719,-30.4643,-9.7802,-11.620594
XRP_USD,XPP-20DEC30-CDE,1,15,late,16322,24484,8162,1774984620,1775875440,squeeze_momentum,-539.13883,389,0.1851,-1.385961,0.04640866085275544,68995.39,-100.2466,-75.5332,-27.335424
XRP_USD,XPP-20DEC30-CDE,1,15,late,16322,24484,8162,1774984620,1775875440,supertrend,-434.614346,333,0.2102,-1.30514819,0.07028979567601717,74653.0304,-86.2032,-63.5411,-23.816719
XRP_USD,XPP-20DEC30-CDE,1,15,late,16322,24484,8162,1774984620,1775875440,utbot_alert,-781.975234,624,0.234,-1.25316544,0.06460236634947036,114613.8839,-120.045,-120.6512,-31.304063
XRP_USD,XPP-20DEC30-CDE,5,15,early,0,2761,2761,1773070500,1773970200,daviddtech_scalp,-75.691972,39,0.3333,-1.94081979,0.4010149266083133,6323.1624,-15.0259,-7.2206,-12.120416
XRP_USD,XPP-20DEC30-CDE,5,15,early,0,2761,2761,1773070500,1773970200,ema_momentum,-359.536145,270,0.3778,-1.33161535,0.43933611216641805,36227.173,-31.6245,-42.4269,-21.880673
XRP_USD,XPP-20DEC30-CDE,5,15,early,0,2761,2761,1773070500,1773970200,ema_scalp,-155.422608,132,0.3712,-1.177444,0.4747268475022128,3778.8705,-20.6457,-19.3628,-13.527802
XRP_USD,XPP-20DEC30-CDE,5,15,early,0,2761,2761,1773070500,1773970200,hull_suite,-110.591789,98,0.3469,-1.12848764,0.4607242620263049,9287.9729,-15.926,-12.3504,-11.171458
XRP_USD,XPP-20DEC30-CDE,5,15,early,0,2761,2761,1773070500,1773970200,macd_scalp,-260.37992,227,0.4185,-1.1470481,0.5091791114273396,44576.7187,-25.186,-29.5983,-17.282022
XRP_USD,XPP-20DEC30-CDE,5,15,early,0,2761,2761,1773070500,1773970200,qqe_mod,-86.212448,70,0.4143,-1.2316064,0.49351536756898706,1694.5135,-14.046,-9.4227,-10.304358
XRP_USD,XPP-20DEC30-CDE,5,15,early,0,2761,2761,1773070500,1773970200,rsi_reversion,-20.950685,40,0.475,-0.52376713,0.7472741697838776,2192.8124,-3.4019,-1.6645,-3.312594
XRP_USD,XPP-20DEC30-CDE,5,15,early,0,2761,2761,1773070500,1773970200,squeeze_momentum,-135.435832,116,0.3879,-1.16755027,0.4803243791048189,13918.5358,-18.561,-16.143,-12.574901
XRP_USD,XPP-20DEC30-CDE,5,15,early,0,2761,2761,1773070500,1773970200,supertrend,-111.20988,86,0.3256,-1.29313814,0.41559418250562224,2997.6901,-18.8592,-14.0595,-11.99207
XRP_USD,XPP-20DEC30-CDE,5,15,early,0,2761,2761,1773070500,1773970200,utbot_alert,-157.206831,185,0.4324,-0.84976665,0.5875969908845095,870.4277,-16.0609,-18.1721,-11.558076
XRP_USD,XPP-20DEC30-CDE,5,15,mid,2761,5522,2761,1773970500,1774937400,daviddtech_scalp,-74.272096,34,0.2353,-2.18447343,0.1727328686811526,22896.3818,-21.5188,-9.259,-12.737559
XRP_USD,XPP-20DEC30-CDE,5,15,mid,2761,5522,2761,1773970500,1774937400,ema_momentum,-399.540795,271,0.3173,-1.47432028,0.2987705216435188,17743.0563,-42.7975,-54.9409,-24.270375
XRP_USD,XPP-20DEC30-CDE,5,15,mid,2761,5522,2761,1773970500,1774937400,ema_scalp,-131.371672,134,0.403,-0.98038561,0.41482115334252617,8407.4063,-21.6895,-21.3405,-11.348784
XRP_USD,XPP-20DEC30-CDE,5,15,mid,2761,5522,2761,1773970500,1774937400,hull_suite,-117.173202,109,0.367,-1.0749835,0.40683830547755356,29282.8313,-20.2724,-18.2412,-11.223157
XRP_USD,XPP-20DEC30-CDE,5,15,mid,2761,5522,2761,1773970500,1774937400,macd_scalp,-268.030206,224,0.3795,-1.19656342,0.37121990003345373,5355.926,-31.3677,-37.7958,-17.908521
XRP_USD,XPP-20DEC30-CDE,5,15,mid,2761,5522,2761,1773970500,1774937400,qqe_mod,-120.399383,77,0.2987,-1.56362835,0.26024951029643173,5843.8866,-24.2555,-17.9514,-13.720783
XRP_USD,XPP-20DEC30-CDE,5,15,mid,2761,5522,2761,1773970500,1774937400,rsi_reversion,-21.462354,19,0.4737,-1.12959757,0.5146851433212034,223.0557,-3.7676,-1.2136,-4.923802
XRP_USD,XPP-20DEC30-CDE,5,15,mid,2761,5522,2761,1773970500,1774937400,squeeze_momentum,-186.955504,124,0.3065,-1.50770568,0.26684659113531944,698274.9023,-30.3652,-27.4736,-16.7891
XRP_USD,XPP-20DEC30-CDE,5,15,mid,2761,5522,2761,1773970500,1774937400,supertrend,-105.882721,92,0.3804,-1.15089914,0.38888115114801286,9524.5978,-19.6926,-15.8357,-11.039037
XRP_USD,XPP-20DEC30-CDE,5,15,mid,2761,5522,2761,1773970500,1774937400,utbot_alert,-230.135281,195,0.3846,-1.18018093,0.3626335954993606,49223.9603,-29.3906,-32.9723,-16.48033
XRP_USD,XPP-20DEC30-CDE,5,15,late,5522,8284,2762,1774937700,1775875200,daviddtech_scalp,-19.952981,34,0.3235,-0.58685238,0.6646957361416913,386.4181,-5.6542,-3.0867,-3.421908
XRP_USD,XPP-20DEC30-CDE,5,15,late,5522,8284,2762,1774937700,1775875200,ema_momentum,-330.873477,272,0.3382,-1.21644661,0.346632571754098,5290.3005,-37.5364,-52.1219,-20.062151
XRP_USD,XPP-20DEC30-CDE,5,15,late,5522,8284,2762,1774937700,1775875200,ema_scalp,-163.257943,137,0.3577,-1.19166382,0.30336068524696275,16597.6309,-24.6037,-23.04,-13.948067
XRP_USD,XPP-20DEC30-CDE,5,15,late,5522,8284,2762,1774937700,1775875200,hull_suite,-84.408952,112,0.4018,-0.75365136,0.482327266871963,107058.8258,-14.527,-12.4052,-7.975896
XRP_USD,XPP-20DEC30-CDE,5,15,late,5522,8284,2762,1774937700,1775875200,macd_scalp,-372.601117,231,0.3203,-1.61299185,0.21736855224358861,15124.7366,-44.6563,-49.1021,-24.515354
XRP_USD,XPP-20DEC30-CDE,5,15,late,5522,8284,2762,1774937700,1775875200,qqe_mod,-84.113839,72,0.3472,-1.16824777,0.35984069861315354,1301.1665,-19.202,-13.0128,-9.912911
XRP_USD,XPP-20DEC30-CDE,5,15,late,5522,8284,2762,1774937700,1775875200,rsi_reversion,-50.416963,27,0.4074,-1.86729492,0.3751235815732025,848.2275,-13.4002,-4.7912,-9.702749
XRP_USD,XPP-20DEC30-CDE,5,15,late,5522,8284,2762,1774937700,1775875200,squeeze_momentum,-113.052284,126,0.4127,-0.89724035,0.40616948843613726,7270.0648,-19.9335,-19.0372,-10.071498
XRP_USD,XPP-20DEC30-CDE,5,15,late,5522,8284,2762,1774937700,1775875200,supertrend,-124.058615,84,0.2857,-1.47688827,0.26611876649098476,6580.9219,-22.6329,-16.2317,-13.535905
XRP_USD,XPP-20DEC30-CDE,5,15,late,5522,8284,2762,1774937700,1775875200,utbot_alert,-168.935307,185,0.3838,-0.91316382,0.41637345046954866,3996.411,-22.7643,-23.6045,-12.420371
XRP_USD,XPP-20DEC30-CDE,15,15,early,0,4416,4416,1764285300,1768320000,daviddtech_scalp,-27.135716,60,0.45,-0.45226194,0.9089990134979743,241.5119,-0.8801,-0.4798,-3.503206
XRP_USD,XPP-20DEC30-CDE,15,15,early,0,4416,4416,1764285300,1768320000,ema_momentum,-936.585143,414,0.3986,-2.26228295,0.5384137409985583,42050.1762,-13.0796,-16.7982,-46.030649
XRP_USD,XPP-20DEC30-CDE,15,15,early,0,4416,4416,1764285300,1768320000,ema_scalp,-495.028056,217,0.3917,-2.28123528,0.5467188527224744,48371.0292,-9.865,-8.7105,-33.604694
XRP_USD,XPP-20DEC30-CDE,15,15,early,0,4416,4416,1764285300,1768320000,hull_suite,-49.281097,152,0.4211,-0.32421774,0.9090963378515501,251.4022,-1.214,-1.0543,-3.997225
XRP_USD,XPP-20DEC30-CDE,15,15,early,0,4416,4416,1764285300,1768320000,macd_scalp,-770.43525,348,0.3822,-2.2138944,0.5435316525897662,2157.9278,-11.8003,-13.9255,-41.299664
XRP_USD,XPP-20DEC30-CDE,15,15,early,0,4416,4416,1764285300,1768320000,qqe_mod,-208.004889,115,0.3913,-1.80873817,0.5807021966303587,26913.4511,-6.2058,-4.301,-19.396556
XRP_USD,XPP-20DEC30-CDE,15,15,early,0,4416,4416,1764285300,1768320000,rsi_reversion,-121.492323,53,0.4151,-2.29230799,0.6271016490792056,983.1759,-3.4378,-1.5204,-16.688254
XRP_USD,XPP-20DEC30-CDE,15,15,early,0,4416,4416,1764285300,1768320000,squeeze_momentum,-49.000963,180,0.4333,-0.27222757,0.9229736108969111,291.814,-1.1289,-1.0512,-3.652316
XRP_USD,XPP-20DEC30-CDE,15,15,early,0,4416,4416,1764285300,1768320000,supertrend,-38.764068,98,0.5,-0.39555171,0.9051022293899396,172.3105,-0.9984,-0.5784,-3.915762
XRP_USD,XPP-20DEC30-CDE,15,15,early,0,4416,4416,1764285300,1768320000,utbot_alert,-626.862988,277,0.3755,-2.26304328,0.5491065685336032,1662.2941,-10.7327,-11.8767,-37.664547
XRP_USD,XPP-20DEC30-CDE,15,15,mid,4416,8832,4416,1768320900,1772365500,daviddtech_scalp,-190.654509,55,0.4182,-3.46644562,0.480199735418006,5826.397,-5.4172,-2.4264,-25.707849
XRP_USD,XPP-20DEC30-CDE,15,15,mid,4416,8832,4416,1768320900,1772365500,ema_momentum,-511.401372,415,0.4289,-1.23229246,0.744314366001115,2129.0577,-6.3828,-8.2232,-25.103706
XRP_USD,XPP-20DEC30-CDE,15,15,mid,4416,8832,4416,1768320900,1772365500,ema_scalp,-604.315456,200,0.375,-3.02157728,0.4583411970403863,4401.0706,-10.4814,-9.4673,-42.731556
XRP_USD,XPP-20DEC30-CDE,15,15,mid,4416,8832,4416,1768320900,1772365500,hull_suite,-305.121762,154,0.4351,-1.98131015,0.5967660656047877,32942.0096,-6.5564,-4.8837,-24.587412
XRP_USD,XPP-20DEC30-CDE,15,15,mid,4416,8832,4416,1768320900,1772365500,macd_scalp,-590.94776,351,0.4217,-1.68361185,0.672414108884118,1613.1212,-7.9078,-9.8912,-31.542458
XRP_USD,XPP-20DEC30-CDE,15,15,mid,4416,8832,4416,1768320900,1772365500,qqe_mod,-267.286759,121,0.4545,-2.20898148,0.5693671561689181,1544.2478,-5.5833,-3.3526,-24.298796
XRP_USD,XPP-20DEC30-CDE,15,15,mid,4416,8832,4416,1768320900,1772365500,rsi_reversion,-41.844598,40,0.45,-1.04611495,0.801592589119438,869.54,-1.1829,-0.394,-6.616212
XRP_USD,XPP-20DEC30-CDE,15,15,mid,4416,8832,4416,1768320900,1772365500,squeeze_momentum,-438.926361,180,0.4,-2.43847978,0.4977124196798854,4135.0126,-8.6569,-6.9577,-32.715639
XRP_USD,XPP-20DEC30-CDE,15,15,mid,4416,8832,4416,1768320900,1772365500,supertrend,-195.740529,92,0.4348,-2.12761445,0.6527211040463957,55232.0503,-5.0521,-2.6958,-20.407361
XRP_USD,XPP-20DEC30-CDE,15,15,mid,4416,8832,4416,1768320900,1772365500,utbot_alert,-364.574306,267,0.4532,-1.36544684,0.7082259295027472,1704.1562,-5.5839,-6.1378,-22.311585
XRP_USD,XPP-20DEC30-CDE,15,15,late,8832,13248,4416,1772366400,1775874600,daviddtech_scalp,-134.850027,58,0.3276,-2.32500047,0.4137366388495495,2006.0591,-7.0392,-3.8005,-17.706676
XRP_USD,XPP-20DEC30-CDE,15,15,late,8832,13248,4416,1772366400,1775874600,ema_momentum,-518.372471,410,0.3805,-1.2643231,0.5511694691786649,5190.2977,-12.2521,-16.6663,-25.600592
XRP_USD,XPP-20DEC30-CDE,15,15,late,8832,13248,4416,1772366400,1775874600,ema_scalp,-314.909984,218,0.3761,-1.44454121,0.515080473046288,30772.4479,-10.4266,-9.9512,-21.328395
XRP_USD,XPP-20DEC30-CDE,15,15,late,8832,13248,4416,1772366400,1775874600,hull_suite,-218.592455,176,0.3807,-1.24200258,0.5499259399729793,1835.3042,-7.7927,-6.6504,-16.477026
XRP_USD,XPP-20DEC30-CDE,15,15,late,8832,13248,4416,1772366400,1775874600,macd_scalp,-581.892326,355,0.3718,-1.63913331,0.46476771650056814,15605.6084,-14.4403,-17.4044,-30.883638
XRP_USD,XPP-20DEC30-CDE,15,15,late,8832,13248,4416,1772366400,1775874600,qqe_mod,-116.152704,115,0.4522,-1.01002351,0.6021828310590864,1296.7864,-5.4094,-3.6943,-10.831295
XRP_USD,XPP-20DEC30-CDE,15,15,late,8832,13248,4416,1772366400,1775874600,rsi_reversion,-36.576025,41,0.4146,-0.89209816,0.7579501425489314,347.2086,-1.7414,-0.7743,-5.712215
XRP_USD,XPP-20DEC30-CDE,15,15,late,8832,13248,4416,1772366400,1775874600,squeeze_momentum,-320.912883,194,0.3814,-1.65419012,0.4661541966629597,1724.3304,-10.3139,-8.9705,-23.040202
XRP_USD,XPP-20DEC30-CDE,15,15,late,8832,13248,4416,1772366400,1775874600,supertrend,-166.370149,111,0.4054,-1.49883017,0.5131309301904156,1503.0914,-6.8296,-4.7622,-15.791156
XRP_USD,XPP-20DEC30-CDE,15,15,late,8832,13248,4416,1772366400,1775874600,utbot_alert,-340.465129,285,0.407,-1.19461449,0.5570401386650928,1865.8157,-9.3621,-10.2727,-20.167414
XRP_USD,XPP-20DEC30-CDE,60,15,early,0,258,258,1773072000,1774000800,daviddtech_scalp,-1.265,4,0.5,-0.3162499,0.9633267132238968,104.0538,-0.2016,-0.0797,-0.6325
XRP_USD,XPP-20DEC30-CDE,60,15,early,0,258,258,1773072000,1774000800,ema_momentum,-18.991219,22,0.5455,-0.86323724,0.8577839825298355,162.2565,-1.6955,-2.4537,-4.048942
XRP_USD,XPP-20DEC30-CDE,60,15,early,0,258,258,1773072000,1774000800,ema_scalp,-15.234655,11,0.4545,-1.3849686,0.7386161007680161,162.1332,-2.1792,-2.3042,-4.593421
XRP_USD,XPP-20DEC30-CDE,60,15,early,0,258,258,1773072000,1774000800,hull_suite,6.706139,5,0.6,1.3412277,1.5394576444037913,75.1238,1.6949,1.1664,2.999076
XRP_USD,XPP-20DEC30-CDE,60,15,early,0,258,258,1773072000,1774000800,macd_scalp,-105.502033,18,0.3889,-5.86122407,0.3200675038820736,1458.2461,-10.061,-11.5498,-24.867068
XRP_USD,XPP-20DEC30-CDE,60,15,early,0,258,258,1773072000,1774000800,qqe_mod,-13.266772,6,0.3333,-2.21112871,0.699284838937639,1004.8706,-2.5301,-2.4007,-5.416137
XRP_USD,XPP-20DEC30-CDE,60,15,early,0,258,258,1773072000,1774000800,rsi_reversion,-54.164769,4,0.25,-13.5411922,0.16719109111538452,491.0412,-7.5603,-3.8717,-27.082384
XRP_USD,XPP-20DEC30-CDE,60,15,early,0,258,258,1773072000,1774000800,squeeze_momentum,-19.173961,10,0.3,-1.91739609,0.6970364978991938,264.9335,-2.7558,-3.0162,-6.063339
XRP_USD,XPP-20DEC30-CDE,60,15,early,0,258,258,1773072000,1774000800,supertrend,-4.195968,5,0.2,-0.83919351,0.7457271661020882,139.235,-0.9364,-0.6909,-1.876494
XRP_USD,XPP-20DEC30-CDE,60,15,early,0,258,258,1773072000,1774000800,utbot_alert,-22.71498,17,0.4118,-1.33617531,0.7881021871798918,280.045,-2.336,-2.2627,-5.509192
XRP_USD,XPP-20DEC30-CDE,60,15,mid,258,516,258,1774004400,1774936800,daviddtech_scalp,3.112419,1,1.0,3.1124191,,63.3109,2.029,0.966,3.112419
XRP_USD,XPP-20DEC30-CDE,60,15,mid,258,516,258,1774004400,1774936800,ema_momentum,-37.364497,20,0.45,-1.86822483,0.639670788942886,695.9403,-4.1241,-4.2431,-8.354955
XRP_USD,XPP-20DEC30-CDE,60,15,mid,258,516,258,1774004400,1774936800,ema_scalp,36.300133,12,0.75,3.02501107,2.368917050630161,57.9511,6.7957,7.6629,10.478946
XRP_USD,XPP-20DEC30-CDE,60,15,mid,258,516,258,1774004400,1774936800,hull_suite,14.970259,7,0.5714,2.13860849,4.431503624227753,124.6956,3.5071,2.6886,5.658226
XRP_USD,XPP-20DEC30-CDE,60,15,mid,258,516,258,1774004400,1774936800,macd_scalp,-31.172505,17,0.4706,-1.83367678,0.654589919751306,2080.052,-4.5179,-5.4167,-7.560443
XRP_USD,XPP-20DEC30-CDE,60,15,mid,258,516,258,1774004400,1774936800,qqe_mod,18.356219,4,1.0,4.58905472,,65.7381,5.0351,4.1377,9.178109
XRP_USD,XPP-20DEC30-CDE,60,15,mid,258,516,258,1774004400,1774936800,rsi_reversion,19.594852,1,1.0,19.5948523,,56.1226,6.2868,3.2713,19.594852
XRP_USD,XPP-20DEC30-CDE,60,15,mid,258,516,258,1774004400,1774936800,squeeze_momentum,5.985042,9,0.5556,0.66500467,1.2545421043614267,181.3147,1.1171,0.9598,1.995014
XRP_USD,XPP-20DEC30-CDE,60,15,mid,258,516,258,1774004400,1774936800,supertrend,13.940788,9,0.5556,1.5489764,1.3954122323333273,92.4767,2.6868,2.5646,4.646929
XRP_USD,XPP-20DEC30-CDE,60,15,mid,258,516,258,1774004400,1774936800,utbot_alert,15.05284,12,0.5833,1.25440332,1.2863247353479446,109.6765,2.6424,2.513,4.345381
XRP_USD,XPP-20DEC30-CDE,60,15,late,516,774,258,1774940400,1775872800,daviddtech_scalp,-0.115069,4,0.5,-0.02876718,0.9918647651334885,101.167,-0.0447,-0.0257,-0.057534
XRP_USD,XPP-20DEC30-CDE,60,15,late,516,774,258,1774940400,1775872800,ema_momentum,-66.731107,22,0.4545,-3.03323214,0.4544308567359599,694.1347,-8.2446,-8.7032,-14.22712
XRP_USD,XPP-20DEC30-CDE,60,15,late,516,774,258,1774940400,1775872800,ema_scalp,16.902912,11,0.5455,1.53662836,1.4517404108668512,200.6366,2.8761,2.9616,5.09642
XRP_USD,XPP-20DEC30-CDE,60,15,late,516,774,258,1774940400,1775872800,hull_suite,-4.291289,8,0.625,-0.53641117,0.8588076814287815,122.6596,-1.1743,-1.0729,-1.5172
XRP_USD,XPP-20DEC30-CDE,60,15,late,516,774,258,1774940400,1775872800,macd_scalp,16.147197,20,0.45,0.80735987,1.2289735845420182,211.0858,2.3077,3.2501,3.610623
XRP_USD,XPP-20DEC30-CDE,60,15,late,516,774,258,1774940400,1775872800,qqe_mod,-15.309334,4,0.25,-3.82733351,0.0543239360500727,1084.2563,-6.0185,-3.8433,-7.654667
XRP_USD,XPP-20DEC30-CDE,60,15,late,516,774,258,1774940400,1775872800,rsi_reversion,-10.106752,2,0.0,-5.05337585,0.0,1010.6752,-4.5445,-2.3817,-7.146553
XRP_USD,XPP-20DEC30-CDE,60,15,late,516,774,258,1774940400,1775872800,squeeze_momentum,46.104724,12,0.5833,3.84206037,2.860042167278116,75.8395,8.5121,12.7322,13.309288
XRP_USD,XPP-20DEC30-CDE,60,15,late,516,774,258,1774940400,1775872800,supertrend,46.612815,8,0.75,5.82660193,5.872646287443231,16.8235,10.4043,14.9553,16.480119
XRP_USD,XPP-20DEC30-CDE,60,15,late,516,774,258,1774940400,1775872800,utbot_alert,35.900437,11,0.7273,3.26367608,2.255276209472901,49.6702,6.8396,8.0552,10.824389
